tag,model,threads,rep,extra,file_gb,free_gb_before,eval_ms,eval_tokens,ms_per_tok,tok_per_s,status
sweep,Qwen3-Coder-30B-A3B-mx1.gguf,4,1,,15.37,23.13,21130.56,256,82.54,12.12,OK
sweep,Qwen3-Coder-30B-A3B-mx2.gguf,4,1,,16.79,24.01,27051.9,256,105.67,9.46,OK
sweep,Qwen3-Coder-30B-A3B-mx3.gguf,4,1,,15.37,24.73,20399.93,256,79.69,12.55,OK
sweep,Qwen3-Coder-30B-A3B-mx4.gguf,4,1,,15.37,24.74,21283.61,256,83.14,12.03,OK
sweep,Qwen3-Coder-30B-A3B-mx5.gguf,4,1,,16.5,25,22509.79,256,87.93,11.37,OK
sweep,Qwen3-Coder-30B-A3B-mx6.gguf,4,1,,15.69,25.17,19828.66,256,77.46,12.91,OK
sweep,Qwen3-Coder-30B-A3B-Instruct-UD-Q6_K_XL.gguf,4,1,,24.53,25.13,,,,,REFUSED_INSUFFICIENT_RAM_need_26.52GB
sweep,Qwen3-Coder-30B-A3B-mx1.gguf,4,2,,15.37,25.13,19907.53,256,77.76,12.86,OK
sweep,Qwen3-Coder-30B-A3B-mx2.gguf,4,2,,16.79,25.23,24407.28,256,95.34,10.49,OK
sweep,Qwen3-Coder-30B-A3B-mx3.gguf,4,2,,15.37,25.31,19768.2,256,77.22,12.95,OK
sweep,Qwen3-Coder-30B-A3B-mx4.gguf,4,2,,15.37,25.17,20902.3,256,81.65,12.25,OK
sweep,Qwen3-Coder-30B-A3B-mx5.gguf,4,2,,16.5,25.28,20397.56,256,79.68,12.55,OK
sweep,Qwen3-Coder-30B-A3B-mx6.gguf,4,2,,15.69,25.3,20579.61,256,80.39,12.44,OK
sweep,Qwen3-Coder-30B-A3B-Instruct-UD-Q6_K_XL.gguf,4,2,,24.53,25.36,,,,,REFUSED_INSUFFICIENT_RAM_need_26.52GB
threads,Qwen3-Coder-30B-A3B-mx1.gguf,1,1,,15.37,25.36,45425.92,256,177.44,5.64,OK
threads,Qwen3-Coder-30B-A3B-mx1.gguf,2,1,,15.37,25.33,25381.86,256,99.15,10.09,OK
sweep,Qwen3-Coder-30B-A3B-Instruct-UD-Q6_K_XL.gguf,4,1,,24.53,26.73,28526.97,256,111.43,8.97,OK
sweep,Qwen3-Coder-30B-A3B-Instruct-UD-Q6_K_XL.gguf,4,2,,24.53,26.99,29736.6,256,116.16,8.61,OK
threads,Qwen3-Coder-30B-A3B-mx1.gguf,3,1,,15.37,27.12,21613.6,256,84.43,11.84,OK
threads,Qwen3-Coder-30B-A3B-mx1.gguf,4,1,,15.37,26.94,20574.32,256,80.37,12.44,OK
threads,Qwen3-Coder-30B-A3B-mx1.gguf,8,1,,15.37,26.93,19104.67,256,74.63,13.4,OK
experts,Qwen3-Coder-30B-A3B-mx1.gguf,4,1,_e2,15.37,27.07,13650.53,256,53.32,18.75,OK
experts,Qwen3-Coder-30B-A3B-mx1.gguf,4,1,_e4,15.37,26.84,16264.31,256,63.53,15.74,OK
experts,Qwen3-Coder-30B-A3B-mx1.gguf,4,1,_e8,15.37,27.52,21966.38,256,85.81,11.65,OK
experts,Qwen3-Coder-30B-A3B-mx1.gguf,4,1,_e16,15.37,27.76,31429.46,256,122.77,8.15,OK
